{"logger": false, "checkpoint_callback": false, "default_root_dir": null, "gradient_clip_val": 0, "process_position": 0, "num_nodes": 1, "num_processes": 1, "auto_select_gpus": false, "log_gpu_memory": null, "progress_bar_refresh_rate": 1, "overfit_batches": 0.0, "track_grad_norm": -1, "check_val_every_n_epoch": 1000, "fast_dev_run": false, "accumulate_grad_batches": 1, "max_epochs": 100, "min_epochs": 1, "max_steps": null, "min_steps": null, "limit_train_batches": 1.0, "limit_val_batches": 1.0, "limit_test_batches": 1.0, "val_check_interval": 1.0, "flush_logs_every_n_steps": 100, "log_every_n_steps": 50, "accelerator": null, "sync_batchnorm": false, "precision": 32, "weights_summary": "top", "weights_save_path": null, "num_sanity_val_steps": 2, "truncated_bptt_steps": null, "resume_from_checkpoint": null, "profiler": null, "benchmark": false, "deterministic": false, "reload_dataloaders_every_epoch": false, "auto_lr_find": false, "replace_sampler_ddp": true, "terminate_on_nan": false, "auto_scale_batch_size": false, "prepare_data_per_node": true, "plugins": null, "amp_backend": "native", "amp_level": "O2", "distributed_backend": null, "automatic_optimization": null, "move_metrics_to_cpu": false, "enable_pl_optimizer": null, "path_dataset_folder": "KGs/FactCheckBench", "storage_path": "DAIKIRI_Storage", "model": "QMult", "embedding_dim": 50, "kernel_size": 3, "num_of_output_channels": 32, "shallom_width_ratio_of_emb": 1.5, "input_dropout_rate": 0.2, "hidden_dropout_rate": 0.2, "feature_map_dropout_rate": 0.3, "apply_unit_norm": false, "batch_size": 256, "add_reciprical": false, "num_workers": 32, "kvsall": true, "negative_sample_ratio": 0, "num_folds_for_cv": 0, "num_entities": 1861, "num_relations": 10}